"ID","Full.Date.Description","Day.of.the.week","Month","Calender.Quarter","Year","Date"
1,"31-Aug-17","Thursday","August","Q3",2017,2017-08-31
2,"1-Sep-17","Friday","September","Q3",2017,2017-09-01
3,"2-Sep-17","Saturday","September","Q3",2017,2017-09-02
4,"3-Sep-17","Sunday","September","Q3",2017,2017-09-03
5,"4-Sep-17","Monday","September","Q3",2017,2017-09-04
6,"5-Sep-17","Tuesday","September","Q3",2017,2017-09-05
7,"6-Sep-17","Wednesday","September","Q3",2017,2017-09-06
8,"7-Sep-17","Thursday","September","Q3",2017,2017-09-07
9,"8-Sep-17","Friday","September","Q3",2017,2017-09-08
10,"9-Sep-17","Saturday","September","Q3",2017,2017-09-09
11,"10-Sep-17","Sunday","September","Q3",2017,2017-09-10
12,"11-Sep-17","Monday","September","Q3",2017,2017-09-11
13,"12-Sep-17","Tuesday","September","Q3",2017,2017-09-12
14,"13-Sep-17","Wednesday","September","Q3",2017,2017-09-13
15,"14-Sep-17","Thursday","September","Q3",2017,2017-09-14
16,"15-Sep-17","Friday","September","Q3",2017,2017-09-15
17,"16-Sep-17","Saturday","September","Q3",2017,2017-09-16
18,"17-Sep-17","Sunday","September","Q3",2017,2017-09-17
19,"18-Sep-17","Monday","September","Q3",2017,2017-09-18
20,"19-Sep-17","Tuesday","September","Q3",2017,2017-09-19
21,"20-Sep-17","Wednesday","September","Q3",2017,2017-09-20
22,"21-Sep-17","Thursday","September","Q3",2017,2017-09-21
23,"22-Sep-17","Friday","September","Q3",2017,2017-09-22
24,"23-Sep-17","Saturday","September","Q3",2017,2017-09-23
25,"24-Sep-17","Sunday","September","Q3",2017,2017-09-24
26,"25-Sep-17","Monday","September","Q3",2017,2017-09-25
27,"26-Sep-17","Tuesday","September","Q3",2017,2017-09-26
28,"27-Sep-17","Wednesday","September","Q3",2017,2017-09-27
29,"28-Sep-17","Thursday","September","Q3",2017,2017-09-28
30,"29-Sep-17","Friday","September","Q3",2017,2017-09-29
31,"30-Sep-17","Saturday","September","Q3",2017,2017-09-30
32,"1-Oct-17","Sunday","October","Q4",2017,2017-10-01
33,"2-Oct-17","Monday","October","Q4",2017,2017-10-02
34,"3-Oct-17","Tuesday","October","Q4",2017,2017-10-03
35,"4-Oct-17","Wednesday","October","Q4",2017,2017-10-04
36,"5-Oct-17","Thursday","October","Q4",2017,2017-10-05
37,"6-Oct-17","Friday","October","Q4",2017,2017-10-06
38,"7-Oct-17","Saturday","October","Q4",2017,2017-10-07
39,"8-Oct-17","Sunday","October","Q4",2017,2017-10-08
40,"9-Oct-17","Monday","October","Q4",2017,2017-10-09
41,"10-Oct-17","Tuesday","October","Q4",2017,2017-10-10
42,"11-Oct-17","Wednesday","October","Q4",2017,2017-10-11
43,"12-Oct-17","Thursday","October","Q4",2017,2017-10-12
44,"13-Oct-17","Friday","October","Q4",2017,2017-10-13
45,"14-Oct-17","Saturday","October","Q4",2017,2017-10-14
46,"15-Oct-17","Sunday","October","Q4",2017,2017-10-15
47,"16-Oct-17","Monday","October","Q4",2017,2017-10-16
48,"17-Oct-17","Tuesday","October","Q4",2017,2017-10-17
49,"18-Oct-17","Wednesday","October","Q4",2017,2017-10-18
50,"19-Oct-17","Thursday","October","Q4",2017,2017-10-19
51,"20-Oct-17","Friday","October","Q4",2017,2017-10-20
52,"21-Oct-17","Saturday","October","Q4",2017,2017-10-21
53,"22-Oct-17","Sunday","October","Q4",2017,2017-10-22
54,"23-Oct-17","Monday","October","Q4",2017,2017-10-23
55,"24-Oct-17","Tuesday","October","Q4",2017,2017-10-24
56,"25-Oct-17","Wednesday","October","Q4",2017,2017-10-25
57,"26-Oct-17","Thursday","October","Q4",2017,2017-10-26
58,"27-Oct-17","Friday","October","Q4",2017,2017-10-27
59,"28-Oct-17","Saturday","October","Q4",2017,2017-10-28
60,"29-Oct-17","Sunday","October","Q4",2017,2017-10-29
61,"30-Oct-17","Monday","October","Q4",2017,2017-10-30
62,"31-Oct-17","Tuesday","October","Q4",2017,2017-10-31
63,"1-Nov-17","Wednesday","November","Q4",2017,2017-11-01
64,"2-Nov-17","Thursday","November","Q4",2017,2017-11-02
65,"3-Nov-17","Friday","November","Q4",2017,2017-11-03
66,"4-Nov-17","Saturday","November","Q4",2017,2017-11-04
67,"5-Nov-17","Sunday","November","Q4",2017,2017-11-05
68,"6-Nov-17","Monday","November","Q4",2017,2017-11-06
69,"7-Nov-17","Tuesday","November","Q4",2017,2017-11-07
70,"8-Nov-17","Wednesday","November","Q4",2017,2017-11-08
71,"9-Nov-17","Thursday","November","Q4",2017,2017-11-09
72,"10-Nov-17","Friday","November","Q4",2017,2017-11-10
73,"11-Nov-17","Saturday","November","Q4",2017,2017-11-11
74,"12-Nov-17","Sunday","November","Q4",2017,2017-11-12
75,"13-Nov-17","Monday","November","Q4",2017,2017-11-13
76,"14-Nov-17","Tuesday","November","Q4",2017,2017-11-14
77,"15-Nov-17","Wednesday","November","Q4",2017,2017-11-15
78,"16-Nov-17","Thursday","November","Q4",2017,2017-11-16
79,"17-Nov-17","Friday","November","Q4",2017,2017-11-17
80,"18-Nov-17","Saturday","November","Q4",2017,2017-11-18
81,"19-Nov-17","Sunday","November","Q4",2017,2017-11-19
82,"20-Nov-17","Monday","November","Q4",2017,2017-11-20
83,"21-Nov-17","Tuesday","November","Q4",2017,2017-11-21
84,"22-Nov-17","Wednesday","November","Q4",2017,2017-11-22
85,"23-Nov-17","Thursday","November","Q4",2017,2017-11-23
86,"24-Nov-17","Friday","November","Q4",2017,2017-11-24
87,"25-Nov-17","Saturday","November","Q4",2017,2017-11-25
88,"26-Nov-17","Sunday","November","Q4",2017,2017-11-26
89,"27-Nov-17","Monday","November","Q4",2017,2017-11-27
90,"28-Nov-17","Tuesday","November","Q4",2017,2017-11-28
91,"29-Nov-17","Wednesday","November","Q4",2017,2017-11-29
92,"30-Nov-17","Thursday","November","Q4",2017,2017-11-30
93,"1-Dec-17","Friday","December","Q4",2017,2017-12-01
94,"2-Dec-17","Saturday","December","Q4",2017,2017-12-02
95,"3-Dec-17","Sunday","December","Q4",2017,2017-12-03
96,"4-Dec-17","Monday","December","Q4",2017,2017-12-04
97,"5-Dec-17","Tuesday","December","Q4",2017,2017-12-05
98,"6-Dec-17","Wednesday","December","Q4",2017,2017-12-06
99,"7-Dec-17","Thursday","December","Q4",2017,2017-12-07
100,"8-Dec-17","Friday","December","Q4",2017,2017-12-08
101,"9-Dec-17","Saturday","December","Q4",2017,2017-12-09
102,"10-Dec-17","Sunday","December","Q4",2017,2017-12-10
103,"11-Dec-17","Monday","December","Q4",2017,2017-12-11
104,"12-Dec-17","Tuesday","December","Q4",2017,2017-12-12
105,"13-Dec-17","Wednesday","December","Q4",2017,2017-12-13
106,"14-Dec-17","Thursday","December","Q4",2017,2017-12-14
107,"15-Dec-17","Friday","December","Q4",2017,2017-12-15
108,"16-Dec-17","Saturday","December","Q4",2017,2017-12-16
109,"17-Dec-17","Sunday","December","Q4",2017,2017-12-17
110,"18-Dec-17","Monday","December","Q4",2017,2017-12-18
111,"19-Dec-17","Tuesday","December","Q4",2017,2017-12-19
112,"20-Dec-17","Wednesday","December","Q4",2017,2017-12-20
113,"21-Dec-17","Thursday","December","Q4",2017,2017-12-21
114,"22-Dec-17","Friday","December","Q4",2017,2017-12-22
115,"23-Dec-17","Saturday","December","Q4",2017,2017-12-23
116,"24-Dec-17","Sunday","December","Q4",2017,2017-12-24
117,"25-Dec-17","Monday","December","Q4",2017,2017-12-25
118,"26-Dec-17","Tuesday","December","Q4",2017,2017-12-26
119,"27-Dec-17","Wednesday","December","Q4",2017,2017-12-27
120,"28-Dec-17","Thursday","December","Q4",2017,2017-12-28
121,"29-Dec-17","Friday","December","Q4",2017,2017-12-29
122,"30-Dec-17","Saturday","December","Q4",2017,2017-12-30
123,"31-Dec-17","Sunday","December","Q4",2017,2017-12-31
124,"1-Jan-18","Monday","January","Q1",2018,2018-01-01
125,"2-Jan-18","Tuesday","January","Q1",2018,2018-01-02
126,"3-Jan-18","Wednesday","January","Q1",2018,2018-01-03
127,"4-Jan-18","Thursday","January","Q1",2018,2018-01-04
128,"5-Jan-18","Friday","January","Q1",2018,2018-01-05
129,"6-Jan-18","Saturday","January","Q1",2018,2018-01-06
130,"7-Jan-18","Sunday","January","Q1",2018,2018-01-07
131,"8-Jan-18","Monday","January","Q1",2018,2018-01-08
132,"9-Jan-18","Tuesday","January","Q1",2018,2018-01-09
133,"10-Jan-18","Wednesday","January","Q1",2018,2018-01-10
134,"11-Jan-18","Thursday","January","Q1",2018,2018-01-11
135,"12-Jan-18","Friday","January","Q1",2018,2018-01-12
136,"13-Jan-18","Saturday","January","Q1",2018,2018-01-13
137,"14-Jan-18","Sunday","January","Q1",2018,2018-01-14
138,"15-Jan-18","Monday","January","Q1",2018,2018-01-15
139,"16-Jan-18","Tuesday","January","Q1",2018,2018-01-16
140,"17-Jan-18","Wednesday","January","Q1",2018,2018-01-17
141,"18-Jan-18","Thursday","January","Q1",2018,2018-01-18
142,"19-Jan-18","Friday","January","Q1",2018,2018-01-19
143,"20-Jan-18","Saturday","January","Q1",2018,2018-01-20
144,"21-Jan-18","Sunday","January","Q1",2018,2018-01-21
145,"22-Jan-18","Monday","January","Q1",2018,2018-01-22
146,"23-Jan-18","Tuesday","January","Q1",2018,2018-01-23
147,"24-Jan-18","Wednesday","January","Q1",2018,2018-01-24
148,"25-Jan-18","Thursday","January","Q1",2018,2018-01-25
149,"26-Jan-18","Friday","January","Q1",2018,2018-01-26
150,"27-Jan-18","Saturday","January","Q1",2018,2018-01-27
151,"28-Jan-18","Sunday","January","Q1",2018,2018-01-28
152,"29-Jan-18","Monday","January","Q1",2018,2018-01-29
153,"30-Jan-18","Tuesday","January","Q1",2018,2018-01-30
154,"31-Jan-18","Wednesday","January","Q1",2018,2018-01-31
155,"1-Feb-18","Thursday","February","Q1",2018,2018-02-01
156,"2-Feb-18","Friday","February","Q1",2018,2018-02-02
157,"3-Feb-18","Saturday","February","Q1",2018,2018-02-03
158,"4-Feb-18","Sunday","February","Q1",2018,2018-02-04
159,"5-Feb-18","Monday","February","Q1",2018,2018-02-05
160,"6-Feb-18","Tuesday","February","Q1",2018,2018-02-06
161,"7-Feb-18","Wednesday","February","Q1",2018,2018-02-07
162,"8-Feb-18","Thursday","February","Q1",2018,2018-02-08
163,"9-Feb-18","Friday","February","Q1",2018,2018-02-09
164,"10-Feb-18","Saturday","February","Q1",2018,2018-02-10
165,"11-Feb-18","Sunday","February","Q1",2018,2018-02-11
166,"12-Feb-18","Monday","February","Q1",2018,2018-02-12
167,"13-Feb-18","Tuesday","February","Q1",2018,2018-02-13
168,"14-Feb-18","Wednesday","February","Q1",2018,2018-02-14
169,"15-Feb-18","Thursday","February","Q1",2018,2018-02-15
170,"16-Feb-18","Friday","February","Q1",2018,2018-02-16
171,"17-Feb-18","Saturday","February","Q1",2018,2018-02-17
172,"18-Feb-18","Sunday","February","Q1",2018,2018-02-18
173,"19-Feb-18","Monday","February","Q1",2018,2018-02-19
174,"20-Feb-18","Tuesday","February","Q1",2018,2018-02-20
175,"21-Feb-18","Wednesday","February","Q1",2018,2018-02-21
176,"22-Feb-18","Thursday","February","Q1",2018,2018-02-22
177,"23-Feb-18","Friday","February","Q1",2018,2018-02-23
178,"24-Feb-18","Saturday","February","Q1",2018,2018-02-24
179,"25-Feb-18","Sunday","February","Q1",2018,2018-02-25
180,"26-Feb-18","Monday","February","Q1",2018,2018-02-26
181,"27-Feb-18","Tuesday","February","Q1",2018,2018-02-27
182,"28-Feb-18","Wednesday","February","Q1",2018,2018-02-28
183,"1-Mar-18","Thursday","March","Q1",2018,2018-03-01
184,"2-Mar-18","Friday","March","Q1",2018,2018-03-02
185,"3-Mar-18","Saturday","March","Q1",2018,2018-03-03
186,"4-Mar-18","Sunday","March","Q1",2018,2018-03-04
187,"5-Mar-18","Monday","March","Q1",2018,2018-03-05
188,"6-Mar-18","Tuesday","March","Q1",2018,2018-03-06
189,"7-Mar-18","Wednesday","March","Q1",2018,2018-03-07
190,"8-Mar-18","Thursday","March","Q1",2018,2018-03-08
191,"9-Mar-18","Friday","March","Q1",2018,2018-03-09
192,"10-Mar-18","Saturday","March","Q1",2018,2018-03-10
193,"11-Mar-18","Sunday","March","Q1",2018,2018-03-11
194,"12-Mar-18","Monday","March","Q1",2018,2018-03-12
195,"13-Mar-18","Tuesday","March","Q1",2018,2018-03-13
196,"14-Mar-18","Wednesday","March","Q1",2018,2018-03-14
197,"15-Mar-18","Thursday","March","Q1",2018,2018-03-15
198,"16-Mar-18","Friday","March","Q1",2018,2018-03-16
199,"17-Mar-18","Saturday","March","Q1",2018,2018-03-17
200,"18-Mar-18","Sunday","March","Q1",2018,2018-03-18
201,"19-Mar-18","Monday","March","Q1",2018,2018-03-19
202,"20-Mar-18","Tuesday","March","Q1",2018,2018-03-20
203,"21-Mar-18","Wednesday","March","Q1",2018,2018-03-21
204,"22-Mar-18","Thursday","March","Q1",2018,2018-03-22
205,"23-Mar-18","Friday","March","Q1",2018,2018-03-23
206,"24-Mar-18","Saturday","March","Q1",2018,2018-03-24
207,"25-Mar-18","Sunday","March","Q1",2018,2018-03-25
208,"26-Mar-18","Monday","March","Q1",2018,2018-03-26
209,"27-Mar-18","Tuesday","March","Q1",2018,2018-03-27
210,"28-Mar-18","Wednesday","March","Q1",2018,2018-03-28
211,"29-Mar-18","Thursday","March","Q1",2018,2018-03-29
212,"30-Mar-18","Friday","March","Q1",2018,2018-03-30
213,"31-Mar-18","Saturday","March","Q1",2018,2018-03-31
214,"1-Apr-18","Sunday","April","Q2",2018,2018-04-01
215,"2-Apr-18","Monday","April","Q2",2018,2018-04-02
216,"3-Apr-18","Tuesday","April","Q2",2018,2018-04-03
217,"4-Apr-18","Wednesday","April","Q2",2018,2018-04-04
218,"5-Apr-18","Thursday","April","Q2",2018,2018-04-05
219,"6-Apr-18","Friday","April","Q2",2018,2018-04-06
220,"7-Apr-18","Saturday","April","Q2",2018,2018-04-07
221,"8-Apr-18","Sunday","April","Q2",2018,2018-04-08
222,"9-Apr-18","Monday","April","Q2",2018,2018-04-09
223,"10-Apr-18","Tuesday","April","Q2",2018,2018-04-10
224,"11-Apr-18","Wednesday","April","Q2",2018,2018-04-11
225,"12-Apr-18","Thursday","April","Q2",2018,2018-04-12
226,"13-Apr-18","Friday","April","Q2",2018,2018-04-13
227,"14-Apr-18","Saturday","April","Q2",2018,2018-04-14
228,"15-Apr-18","Sunday","April","Q2",2018,2018-04-15
